"date","time","speed","color","observer"
2025-04-07,"4:38: PM",31,"Grey","Diya"
2025-04-07,"4:38: PM",32,"Black ","Diya"
2025-04-07,"4:38: PM",30,"Black ","Diya"
2025-04-07,"4:38: PM",30,"White ","Diya"
2025-04-07,"4:41: PM",31,"White ","Diya"
2025-04-07,"4:44: PM",20,"Grey","Diya"
2025-04-07,"4:45: PM",31,"White ","Diya"
2025-04-07,"4:46: PM",29,"White ","Diya"
2025-04-07,"4:46: PM",27,"Red","Diya"
2025-04-07,"4:46: PM",34,"Blue","Diya"
2025-04-07,"4:47: PM",33,"Grey","Diya"
2025-04-07,"4:47: PM",21,"Grey ","Diya"
2025-04-07,"4:48: PM",30,"Grey ","Diya"
2025-04-07,"4:49: PM",36,"Red ","Diya"
2025-04-07,"4:50: PM",33,"Black ","Diya"
2025-04-07,"4:51: PM",21,"Red ","Diya"
2025-04-07,"4:51: PM",26,"Grey ","Diya"
2025-04-07,"4:51: PM",10,"White ","Diya"
2025-04-07,"4:52: PM",30,"White ","Diya"
2025-04-07,"4:52: PM",31,"White ","Diya"
2025-04-07,"4:53: PM",31,"Red","Diya"
2025-04-07,"4:53: PM",35,"Black ","Diya"
2025-04-07,"4:54: PM",21,"Red","Diya"
2025-04-07,"4:54: PM",31,"White ","Diya"
2025-04-07,"4:54: PM",26,"Black ","Diya"
2025-04-07,"4:54: PM",18,"Black ","Diya"
2025-04-07,"4:55: PM",16,"Grey","Diya"
2025-04-07,"4:55: PM",13,"Grey ","Diya"
2025-04-07,"4:55: PM",30,"White ","Diya"
2025-04-07,"4:55: PM",29,"Black ","Diya"
2025-04-07,"4:56: PM",29,"White ","Diya"
2025-04-07,"4:57: PM",29,"Blue ","Diya"
2025-04-07,"4:57: PM",37,"Grey ","Diya"
2025-04-07,"4:57: PM",26,"Grey ","Diya"
2025-04-07,"4:58: PM",25,"Red ","Diya"
2025-04-07,"4:58: PM",32,"Black ","Diya"
2025-04-07,"4:59: PM",32,"Blue ","Diya"
2025-04-07,"4:59: PM",32,"Black ","Diya"
2025-04-07,"5:00: PM",32,"Grey ","Diya"
2025-04-07,"5:00: PM",29,"Black ","Diya"
2025-04-07,"5:00: PM",29,"Red ","Diya"
2025-04-07,"5:01: PM",28,"Grey ","Diya"
2025-04-07,"5:01: PM",27,"Red","Diya"
2025-04-07,"5:02: PM",28,"Black ","Diya"
2025-04-07,"5:02: PM",34,"White ","Diya"
2025-04-07,"5:02: PM",31,"White ","Diya"
2025-04-07,"5:02: PM",25,"Blue ","Diya"
2025-04-07,"5:04: PM",36,"Grey ","Diya"
2025-04-07,"5:04: PM",31,"Grey ","Diya"
2025-04-07,"5:04: PM",33,"White ","Diya"
2025-04-07,"5:05: PM",33,"Red","Diya"
2025-04-07,"5:06: PM",29,"White ","Diya"
2025-04-07,"5:06: PM",31,"White ","Diya"
2025-04-07,"5:06: PM",32,"White ","Diya"
2025-04-07,"5:07: PM",29,"Red","Diya"
2025-04-07,"5:07: PM",18,"Grey ","Diya"
2025-04-07,"5:08: PM",33,"Red","Diya"
2025-04-07,"5:08: PM",33,"Black ","Diya"
2025-04-07,"5:08: PM",32,"Black ","Diya"
2025-04-07,"5:08: PM",31,"Blue ","Diya"
2025-04-07,"5:09: PM",32,"White ","Diya"
2025-04-07,"5:09: PM",32,"White ","Diya"
2025-04-07,"5:09: PM",32,"White ","Diya"
2025-04-07,"5:09: PM",31,"Black ","Diya"
2025-04-07,"5:10: PM",31,"Grey ","Diya"
2025-04-07,"5:10: PM",33,"Red","Diya"
2025-04-07,"5:10: PM",33,"White ","Diya"
2025-04-07,"5:11: PM",32,"Black ","Diya"
2025-04-07,"5:11: PM",29,"White ","Diya"
2025-04-07,"5:11: PM",28,"Yellow ","Diya"
2025-04-07,"5:12: PM",31,"Black ","Diya"
2025-04-07,"5:12: PM",31,"Black ","Diya"
2025-04-07,"5:13: PM",30,"Red","Diya"
2025-04-07,"5:13: PM",30,"White ","Diya"
2025-04-07,"5:14: PM",29,"Blue ","Diya"
2025-04-09,"4:15: PM",39,"Grey","Tommy"
2025-04-09,"4:16: PM",29,"Blue","Tommy"
2025-04-09,"4:17: PM",37,"Red","Tommy"
2025-04-09,"4:17: PM",33,"Brown","Tommy"
2025-04-09,"4:18: PM",33,"Grey","Tommy"
2025-04-09,"4:18: PM",21,"Black","Tommy"
2025-04-09,"4:19: PM",33,"Red","Tommy"
2025-04-09,"4:19: PM",31,"Grey","Tommy"
2025-04-09,"4:20: PM",37,"Grey","Tommy"
2025-04-09,"4:20: PM",29,"Black","Tommy"
2025-04-09,"4:21: PM",30,"Red","Tommy"
2025-04-09,"4:21: PM",31,"Blue","Tommy"
2025-04-09,"4:22: PM",34,"Grey","Tommy"
2025-04-09,"4:22: PM",39,"Grey","Tommy"
2025-04-09,"4:23: PM",32,"White","Tommy"
2025-04-09,"4:23: PM",34,"Grey","Tommy"
2025-04-09,"4:24: PM",30,"Grey","Tommy"
2025-04-09,"4:24: PM",30,"Red","Tommy"
2025-04-09,"4:25: PM",30,"Black","Tommy"
2025-04-09,"4:25: PM",36,"White","Tommy"
2025-04-09,"4:26: PM",33,"Grey","Tommy"
2025-04-09,"4:26: PM",34,"White","Tommy"
2025-04-09,"4:27: PM",24,"Grey","Tommy"
2025-04-09,"4:27: PM",26,"Black","Tommy"
2025-04-09,"4:28: PM",32,"Red","Tommy"
2025-04-09,"4:28: PM",35,"Grey","Tommy"
2025-04-09,"4:29: PM",37,"Blue","Tommy"
2025-04-09,"4:29: PM",37,"Black","Tommy"
2025-04-09,"4:30: PM",31,"White","Tommy"
2025-04-09,"4:30: PM",34,"Grey","Tommy"
2025-04-09,"4:31: PM",31,"Red","Tommy"
2025-04-09,"4:31: PM",28,"Red","Tommy"
2025-04-09,"4:32: PM",30,"White","Tommy"
2025-04-09,"4:32: PM",30,"Grey","Tommy"
2025-04-09,"4:33: PM",32,"Blue","Tommy"
2025-04-09,"4:33: PM",34,"Grey","Tommy"
2025-04-09,"4:34: PM",38,"White","Tommy"
2025-04-09,"4:34: PM",31,"Black","Tommy"
2025-04-09,"4:35: PM",30,"Red","Tommy"
2025-04-09,"4:35: PM",34,"Grey","Tommy"
2025-04-09,"4:36: PM",36,"Grey","Tommy"
2025-04-09,"4:36: PM",31,"White","Tommy"
2025-04-09,"4:37: PM",26,"White","Tommy"
2025-04-09,"4:37: PM",34,"Black","Tommy"
2025-04-09,"4:38: PM",34,"Blue","Tommy"
2025-04-09,"4:38: PM",32,"Red","Tommy"
2025-04-09,"4:39: PM",34,"White","Tommy"
2025-04-09,"4:39: PM",34,"Green","Tommy"
2025-04-09,"4:40: PM",31,"Grey","Tommy"
2025-04-09,"4:40: PM",32,"Red","Tommy"
2025-04-09,"4:41: PM",36,"Black","Tommy"
2025-04-09,"4:41: PM",32,"White","Tommy"
2025-04-09,"4:42: PM",35,"Grey","Tommy"
2025-04-09,"4:42: PM",38,"Black","Tommy"
2025-04-09,"4:43: PM",34,"White","Tommy"
2025-04-09,"4:43: PM",36,"Red","Tommy"
2025-04-09,"4:44: PM",37,"Blue","Tommy"
2025-04-09,"4:44: PM",36,"Grey","Tommy"
2025-04-09,"4:45: PM",32,"White","Tommy"
2025-04-09,"4:45: PM",34,"Red","Tommy"
2025-04-09,"4:46: PM",34,"Black","Tommy"
2025-04-09,"4:46: PM",34,"Blue","Tommy"
2025-04-09,"4:47: PM",37,"Grey","Tommy"
2025-04-09,"4:47: PM",38,"Red","Tommy"
2025-04-09,"4:48: PM",39,"White","Tommy"
2025-04-09,"4:48: PM",27,"Brown","Tommy"
2025-04-09,"4:49: PM",28,"Black","Tommy"
2025-04-09,"4:49: PM",40,"Grey","Tommy"
2025-04-09,"4:50: PM",25,"Red","Tommy"
2025-04-09,"4:50: PM",32,"White","Tommy"
2025-04-09,"4:50: PM",32,"Blue","Tommy"
2025-04-09,"4:50: PM",36,"Black","Tommy"
2025-04-09,"4:50: PM",35,"Red","Tommy"
2025-04-09,"4:50: PM",31,"White","Tommy"
2025-04-09,"4:50: PM",43,"Grey","Tommy"
2025-04-14,"2:15: PM",31,"Red","Philip"
2025-04-14,"2:15: PM",30,"Grey","Philip"
2025-04-14,"2:15: PM",29,"Grey","Philip"
2025-04-14,"2:17: PM",28,"Black","Philip"
2025-04-14,"2:17: PM",33,"Grey","Philip"
2025-04-14,"2:17: PM",30,"Blue","Philip"
2025-04-14,"2:20: PM",31,"Black","Philip"
2025-04-14,"2:20: PM",32,"Yellow ","Philip"
2025-04-14,"2:20: PM",29,"Grey","Philip"
2025-04-14,"2:20: PM",27,"Black","Philip"
2025-04-14,"2:22: PM",35,"Blue","Philip"
2025-04-14,"2:22: PM",29,"Grey","Philip"
2025-04-14,"2:23: PM",30,"Red","Philip"
2025-04-14,"2:23: PM",31,"Grey","Philip"
2025-04-14,"2:23: PM",32,"Black","Philip"
2025-04-14,"2:23: PM",31,"Black","Philip"
2025-04-14,"2:24: PM",34,"Grey","Philip"
2025-04-14,"2:25: PM",33,"Red","Philip"
2025-04-14,"2:25: PM",34,"Blue","Philip"
2025-04-14,"2:25: PM",32,"White","Philip"
2025-04-14,"2:30: PM",27,"Red","Philip"
2025-04-14,"2:30: PM",28,"Grey","Philip"
2025-04-14,"2:32: PM",33,"Black","Philip"
2025-04-14,"2:33: PM",32,"Grey","Philip"
2025-04-14,"2:33: PM",26,"Black","Philip"
2025-04-14,"2:33: PM",29,"Black","Philip"
2025-04-14,"2:34: PM",29,"Grey","Philip"
2025-04-14,"2:34: PM",29,"Red","Philip"
2025-04-14,"2:34: PM",30,"Grey","Philip"
2025-04-14,"2:34: PM",29,"Black","Philip"
2025-04-14,"2:36: PM",31,"Grey","Philip"
2025-04-14,"2:36: PM",31,"White","Philip"
2025-04-14,"2:36: PM",30,"Blue","Philip"
2025-04-14,"2:37: PM",35,"Black","Philip"
2025-04-14,"2:37: PM",34,"White","Philip"
2025-04-14,"2:40: PM",38,"Black","Philip"
2025-04-14,"2:42: PM",34,"Grey","Philip"
2025-04-14,"2:42: PM",26,"White","Philip"
2025-04-14,"2:42: PM",27,"White","Philip"
2025-04-14,"2:44: PM",33,"Black","Philip"
2025-04-14,"2:44: PM",34,"Grey","Philip"
2025-04-14,"2:44: PM",29,"Grey","Philip"
2025-04-14,"2:44: PM",30,"Blue","Philip"
2025-04-14,"2:49: PM",39,"Blue","Philip"
2025-04-14,"2:49: PM",36,"Red","Philip"
2025-04-14,"2:50: PM",30,"Grey","Philip"
2025-04-14,"2:52: PM",33,"Grey","Philip"
2025-04-14,"2:52: PM",26,"Black","Philip"
2025-04-14,"2:52: PM",18,"Black","Philip"
2025-04-14,"2:58: PM",29,"White","Philip"
2025-04-14,"3:00: PM",31,"White","Philip"
2025-04-14,"3:00: PM",33,"Black","Philip"
2025-04-14,"3:00: PM",29,"Grey","Philip"
2025-04-14,"3:00: PM",30,"Brown","Philip"
2025-04-14,"3:01: PM",30,"Red","Philip"
2025-04-14,"3:01: PM",31,"Black","Philip"
2025-04-14,"3:03: PM",37,"Red","Philip"
2025-04-14,"3:03: PM",35,"Blue","Philip"
2025-04-14,"3:05: PM",28,"White","Philip"
2025-04-14,"3:05: PM",30,"Red","Philip"
2025-04-14,"3:05: PM",30,"White","Philip"
2025-04-14,"3:08: PM",31,"Red","Philip"
2025-04-14,"3:08: PM",31,"White","Philip"
2025-04-14,"3:09: PM",35,"Grey","Philip"
2025-04-14,"3:10: PM",30,"Black","Philip"
2025-04-14,"3:10: PM",28,"Black","Philip"
2025-04-14,"3:11: PM",32,"Blue","Philip"
2025-04-14,"3:11: PM",32,"Grey","Philip"
2025-04-14,"3:12: PM",29,"Grey","Philip"
2025-04-14,"3:12: PM",30,"White","Philip"
2025-04-14,"3:12: PM",30,"Blue","Philip"
2025-04-14,"3:12: PM",31,"White","Philip"
2025-04-14,"3:14: PM",34,"White","Philip"
2025-04-14,"3:14: PM",26,"Red","Philip"
2025-04-14,"3:15: PM",19,"Black","Philip"
NA,NA,12,"Sedan",NA
NA,NA,40,"Truck",NA
NA,NA,26,"Sedan",NA
NA,NA,30,"Suv",NA
NA,NA,32,"Truck",NA
NA,NA,27,"Suv",NA
NA,NA,28,"Suv",NA
NA,NA,28,"Suv",NA
NA,NA,31,"Truck",NA
NA,NA,30,"Sedan",NA
NA,NA,15,"Sedan",NA
NA,NA,31,"Truck",NA
NA,NA,34,"Sedan",NA
NA,NA,31,"Sedan",NA
NA,NA,12,"Sedan",NA
NA,NA,14,"Suv",NA
NA,NA,29,"Suv",NA
NA,NA,27,"Suv",NA
NA,NA,26,"Suv",NA
NA,NA,34,"Sedan",NA
NA,NA,20,"Suv",NA
NA,NA,11,"Truck",NA
NA,NA,36,"Truck",NA
NA,NA,33,"Suv",NA
NA,NA,31,"Sedan",NA
NA,NA,14,"Truck",NA
NA,NA,25,"Suv",NA
NA,NA,31,"Suv",NA
NA,NA,27,"Suv",NA
NA,NA,33,"Suv",NA
NA,NA,36,"Suv",NA
NA,NA,20,"Sedan",NA
NA,NA,34,"Sedan",NA
NA,NA,19,"Truck",NA
NA,NA,28,"Sedan",NA
NA,NA,38,"Suv",NA
NA,NA,30,"Suv",NA
NA,NA,20,"Suv",NA
NA,NA,26,"Sedan",NA
NA,NA,29,"Suv",NA
NA,NA,28,"Suv",NA
NA,NA,27,"Sedan",NA
NA,NA,27,"Truck",NA
NA,NA,33,"Suv",NA
NA,NA,34,"Sedan",NA
NA,NA,34,"Truck",NA
NA,NA,21,"Suv",NA
NA,NA,19,"Sedan",NA
NA,NA,41,"Suv",NA
NA,NA,21,"Sedan",NA
NA,NA,25,"Suv",NA
NA,NA,37,"Sedan",NA
NA,NA,31,"Suv",NA
NA,NA,27,"Suv",NA
NA,NA,36,"Suv",NA
NA,NA,28,"Suv",NA
NA,NA,19,"Suv",NA
NA,NA,25,"Suv",NA
NA,NA,32,"Sedan",NA
NA,NA,36,"Suv",NA
NA,NA,23,"Truck",NA
NA,NA,19,"Truck",NA
NA,NA,25,"Suv",NA
NA,NA,21,"Suv",NA
NA,NA,30,"Suv",NA
NA,NA,29,"Sedan",NA
NA,NA,25,"Truck",NA
NA,NA,28,"Suv",NA
NA,NA,30,"Sedan",NA
NA,NA,35,"Suv",NA
NA,NA,32,"Suv",NA
NA,NA,25,"Suv",NA
NA,NA,26,"Suv",NA
NA,NA,28,"Suv",NA
NA,NA,27,"Suv",NA
NA,"2025-04-07 06:23:00",30,"Maroon","Grant"
NA,"2025-04-07 06:27:00",30,"Silver","Grant"
NA,"2025-04-07 06:28:00",30,"Red","Grant"
NA,"2025-04-07 06:28:00",30,"Black","Grant"
NA,"2025-04-07 06:28:00",30,"Red","Grant"
NA,"2025-04-07 06:29:00",30,"Black","Grant"
NA,"2025-04-07 06:29:00",30,"White","Grant"
NA,"2025-04-07 06:30:00",30,"PublicSafety","Grant"
NA,"2025-04-07 06:31:00",30,"Grey","Grant"
NA,"2025-04-07 06:31:00",30,"Grey","Grant"
NA,"2025-04-07 06:31:00",30,"Grey","Grant"
NA,"2025-04-07 06:31:00",30,"Tan","Grant"
NA,"2025-04-07 06:32:00",30,"Blue","Grant"
NA,"2025-04-07 06:32:00",30,"Black","Grant"
NA,"2025-04-07 06:32:00",30,"Black","Grant"
NA,"2025-04-07 06:33:00",30,"Black","Grant"
NA,"2025-04-07 06:33:00",30,"Red","Grant"
NA,"2025-04-07 06:33:00",30,"Blue","Grant"
NA,"2025-04-07 06:34:00",30,"White","Grant"
NA,"2025-04-07 06:35:00",30,"Brown","Grant"
NA,"2025-04-07 06:35:00",30,"Red","Grant"
NA,"2025-04-07 06:35:00",30,"Red","Grant"
NA,"2025-04-07 06:37:00",30,"Red","Grant"
NA,"2025-04-07 06:37:00",30,"Silver","Grant"
NA,"2025-04-07 06:38:00",30,"Black","Grant"
NA,"2025-04-07 06:39:00",30,"Green","Grant"
NA,"2025-04-07 06:39:00",30,"Grey","Grant"
NA,"2025-04-07 06:39:00",30,"Blue","Grant"
NA,"2025-04-07 06:40:00",30,"Black","Grant"
NA,"2025-04-07 06:40:00",30,"Red","Grant"
NA,"2025-04-07 06:41:00",30,"White","Grant"
NA,"2025-04-07 06:41:00",30,"Black","Grant"
NA,"2025-04-07 06:41:00",30,"Silver","Grant"
NA,"2025-04-07 06:42:00",30,"Grey","Grant"
NA,"2025-04-07 06:43:00",30,"Silver","Grant"
NA,"2025-04-07 06:43:00",30,"Blue","Grant"
NA,"2025-04-07 06:43:00",30,"Green","Grant"
NA,"2025-04-07 06:44:00",30,"Black","Grant"
NA,"2025-04-07 06:44:00",30,"Black","Grant"
NA,"2025-04-07 06:45:00",30,"Black","Grant"
NA,"2025-04-07 06:46:00",30,"White","Grant"
NA,"2025-04-07 06:46:00",30,"White","Grant"
NA,"2025-04-07 06:46:00",30,"Black","Grant"
NA,"2025-04-07 06:48:00",30,"Red","Grant"
NA,"2025-04-07 06:48:00",30,"Black","Grant"
NA,"2025-04-07 06:49:00",30,"Silver","Grant"
NA,"2025-04-07 06:49:00",30,"White","Grant"
NA,"2025-04-07 06:49:00",30,"Black","Grant"
NA,"2025-04-07 06:50:00",30,"White","Grant"
NA,"2025-04-07 06:51:00",30,"Green","Grant"
NA,"2025-04-07 06:51:00",30,"Silver","Grant"
NA,"2025-04-07 06:52:00",30,"Grey","Grant"
NA,"2025-04-07 06:52:00",30,"White","Grant"
NA,"2025-04-07 06:53:00",30,"Silver","Grant"
NA,"2025-04-07 06:54:00",30,"Silver","Grant"
NA,"2025-04-07 06:54:00",30,"Grey","Grant"
NA,"2025-04-07 06:55:00",30,"Black","Grant"
NA,"2025-04-07 06:56:00",30,"Tan","Grant"
NA,"2025-04-07 06:56:00",30,"Black","Grant"
NA,"2025-04-07 13:03:00",20,"Grey","Xander"
NA,"2025-04-07 13:03:00",20,"White","Xander"
NA,"2025-04-07 13:03:00",20,"White","Xander"
NA,"2025-04-07 13:03:00",20,"PublicSafety","Xander"
NA,"2025-04-07 13:03:00",20,"Red","Xander"
NA,"2025-04-07 13:03:00",20,"White","Xander"
NA,"2025-04-07 13:03:00",20,"White","Xander"
NA,"2025-04-07 13:04:00",20,"White","Xander"
NA,"2025-04-07 13:04:00",20,"Grey","Xander"
NA,"2025-04-07 13:04:00",20,"Grey","Xander"
NA,"2025-04-07 13:04:00",20,"White","Xander"
NA,"2025-04-07 13:04:00",20,"Red","Xander"
NA,"2025-04-07 13:04:00",20,"White","Xander"
NA,"2025-04-07 13:05:00",20,"White","Xander"
NA,"2025-04-07 13:05:00",20,"Maroon","Xander"
NA,"2025-04-07 13:05:00",20,"White","Xander"
NA,"2025-04-07 13:05:00",20,"White","Xander"
NA,"2025-04-07 13:05:00",20,"Grey","Xander"
NA,"2025-04-07 13:05:00",20,"Grey","Xander"
NA,"2025-04-07 13:06:00",20,"Bus","Xander"
NA,"2025-04-07 13:06:00",20,"White","Xander"
NA,"2025-04-07 13:06:00",20,"White","Xander"
NA,"2025-04-07 13:06:00",20,"Silver","Xander"
NA,"2025-04-07 13:06:00",20,"Grey","Xander"
NA,"2025-04-07 13:07:00",20,"Grey","Xander"
NA,"2025-04-07 13:07:00",20,"White","Xander"
NA,"2025-04-07 13:07:00",20,"White","Xander"
NA,"2025-04-07 13:08:00",20,"Grey","Xander"
NA,"2025-04-07 13:08:00",20,"Silver","Xander"
NA,"2025-04-07 13:08:00",20,"White","Xander"
NA,"2025-04-07 13:08:00",20,"White","Xander"
NA,"2025-04-07 13:08:00",20,"White","Xander"
NA,"2025-04-07 13:09:00",20,"Grey","Xander"
NA,"2025-04-07 13:09:00",20,"Black","Xander"
NA,"2025-04-07 13:09:00",20,"White","Xander"
NA,"2025-04-07 13:09:00",20,"Blue","Xander"
NA,"2025-04-07 13:09:00",20,"Silver","Xander"
NA,"2025-04-07 13:09:00",20,"White","Xander"
NA,"2025-04-07 13:09:00",20,"White","Xander"
NA,"2025-04-07 13:09:00",20,"Black","Xander"
NA,"2025-04-07 13:09:00",20,"Black","Xander"
NA,"2025-04-07 13:09:00",20,"Blue","Xander"
NA,"2025-04-07 13:10:00",20,"White","Xander"
NA,"2025-04-07 13:10:00",20,"White","Xander"
NA,"2025-04-07 13:10:00",20,"Tan","Xander"
NA,"2025-04-07 13:10:00",20,"Black","Xander"
NA,"2025-04-07 13:10:00",20,"Blue","Xander"
NA,"2025-04-07 13:10:00",20,"White","Xander"
NA,"2025-04-07 13:10:00",20,"Brown","Xander"
NA,"2025-04-07 13:10:00",20,"Blue","Xander"
NA,"2025-04-08 12:30:00",20,"Black","Xander"
NA,"2025-04-08 12:30:00",20,"White","Xander"
NA,"2025-04-08 12:30:00",20,"White","Xander"
NA,"2025-04-08 12:31:00",20,"Silver","Xander"
NA,"2025-04-08 12:31:00",20,"White","Xander"
NA,"2025-04-08 12:31:00",20,"Blue","Xander"
NA,"2025-04-08 12:31:00",20,"Red","Xander"
NA,"2025-04-08 12:31:00",20,"White","Xander"
NA,"2025-04-08 12:31:00",20,"Black","Xander"
NA,"2025-04-08 12:31:00",20,"White","Xander"
NA,"2025-04-08 12:31:00",20,"Silver","Xander"
NA,"2025-04-08 12:31:00",20,"Blue","Xander"
NA,"2025-04-08 12:31:00",20,"Black","Xander"
NA,"2025-04-08 12:32:00",20,"Red","Xander"
NA,"2025-04-08 12:32:00",20,"Black","Xander"
NA,"2025-04-08 12:32:00",20,"Black","Xander"
NA,"2025-04-08 12:32:00",20,"Black","Xander"
NA,"2025-04-08 12:32:00",20,"Black","Xander"
NA,"2025-04-08 12:32:00",20,"Black","Xander"
NA,"2025-04-08 12:32:00",20,"Red","Xander"
NA,"2025-04-08 12:32:00",20,"White","Xander"
NA,"2025-04-08 12:33:00",20,"Green","Xander"
NA,"2025-04-08 12:33:00",20,"Bus","Xander"
NA,"2025-04-08 12:33:00",20,"White","Xander"
NA,"2025-04-08 12:33:00",20,"Black","Xander"
NA,"2025-04-08 12:34:00",20,"White","Xander"
NA,"2025-04-14 16:32:00",30,"Red","Grant"
NA,"2025-04-14 16:32:00",30,"White","Grant"
NA,"2025-04-14 16:33:00",30,"Black","Grant"
NA,"2025-04-14 16:34:00",30,"White","Grant"
NA,"2025-04-14 16:35:00",30,"Blue","Grant"
NA,"2025-04-14 16:35:00",30,"Black","Grant"
NA,"2025-04-14 16:36:00",30,"Grey","Grant"
NA,"2025-04-14 16:37:00",30,"Green","Grant"
NA,"2025-04-14 16:38:00",30,"White","Grant"
NA,"2025-04-14 16:38:00",30,"Black","Grant"
NA,"2025-04-14 16:40:00",30,"Blue","Grant"
NA,"2025-04-14 16:41:00",30,"Red","Grant"
NA,"2025-04-14 16:42:00",30,"Tan","Grant"
NA,"2025-04-14 16:43:00",30,"Grey","Grant"
NA,"2025-04-14 16:45:00",30,"Red","Grant"
NA,"2025-04-14 16:45:00",30,"White","Grant"
2025-04-02,"12:25:00",33,"4","Tanner Buol"
2025-04-02,"12:25:00",33,"3","Tanner Buol"
2025-04-02,"12:30:00",31,"4","Tanner Buol"
2025-04-02,"12:30:00",30,"4","Tanner Buol"
2025-04-02,"12:30:00",29,"4","Tanner Buol"
2025-04-02,"12:30:00",31,"3","Tanner Buol"
2025-04-02,"12:30:00",31,"4","Tanner Buol"
2025-04-02,"12:30:00",27,"4","Tanner Buol"
2025-04-02,"12:30:00",27,"4","Tanner Buol"
2025-04-02,"12:30:00",27,"4","Tanner Buol"
2025-04-02,"12:30:00",27,"4","Tanner Buol"
2025-04-02,"12:30:00",27,"3","Tanner Buol"
2025-04-02,"12:30:00",35,"9","Tanner Buol"
2025-04-02,"12:30:00",31,"5","Tanner Buol"
2025-04-02,"12:35:00",35,"10","Tanner Buol"
2025-04-02,"12:35:00",30,"9","Tanner Buol"
2025-04-02,"12:35:00",28,"3","Tanner Buol"
2025-04-02,"12:35:00",34,"9","Tanner Buol"
2025-04-02,"12:35:00",35,"3","Tanner Buol"
2025-04-02,"12:35:00",30,"3","Tanner Buol"
2025-04-02,"12:35:00",36,"4","Tanner Buol"
2025-04-02,"12:35:00",32,"4","Tanner Buol"
2025-04-02,"12:40:00",31,"4","Tanner Buol"
2025-04-02,"12:40:00",34,"9","Tanner Buol"
2025-04-02,"12:40:00",28,"4","Tanner Buol"
2025-04-02,"12:40:00",30,"3","Tanner Buol"
2025-04-02,"12:40:00",30,"3","Tanner Buol"
2025-04-02,"12:40:00",38,"3","Tanner Buol"
2025-04-02,"12:40:00",30,"4","Tanner Buol"
2025-04-02,"12:40:00",30,"4","Tanner Buol"
2025-04-02,"12:40:00",30,"10","Tanner Buol"
2025-04-02,"12:40:00",29,"4","Tanner Buol"
2025-04-02,"12:40:00",30,"4","Tanner Buol"
2025-04-02,"12:40:00",37,"4","Tanner Buol"
2025-04-02,"12:45:00",30,"3","Tanner Buol"
2025-04-02,"12:45:00",29,"3","Tanner Buol"
2025-04-02,"12:45:00",30,"6","Tanner Buol"
2025-04-02,"12:45:00",29,"3","Tanner Buol"
2025-04-02,"12:45:00",33,"3","Tanner Buol"
2025-04-02,"12:45:00",34,"3","Tanner Buol"
2025-04-02,"12:45:00",37,"3","Tanner Buol"
2025-04-02,"12:45:00",33,"3","Tanner Buol"
2025-04-02,"12:50:00",27,"3","Tanner Buol"
2025-04-02,"12:50:00",28,"8","Tanner Buol"
2025-04-02,"12:50:00",33,"3","Tanner Buol"
2025-04-02,"12:50:00",33,"3","Tanner Buol"
2025-04-02,"12:50:00",33,"3","Tanner Buol"
2025-04-02,"12:50:00",30,"3","Tanner Buol"
2025-04-02,"12:50:00",33,"4","Tanner Buol"
2025-04-02,"12:50:00",34,"4","Tanner Buol"
2025-04-02,"12:50:00",27,"4","Tanner Buol"
2025-04-02,"12:50:00",29,"6","Tanner Buol"
2025-04-02,"12:50:00",34,"3","Tanner Buol"
2025-04-02,"12:50:00",35,"4","Tanner Buol"
2025-04-02,"12:50:00",35,"4","Tanner Buol"
2025-04-02,"12:50:00",35,"3","Tanner Buol"
2025-04-02,"12:55:00",33,"3","Tanner Buol"
2025-04-02,"12:55:00",37,"3","Tanner Buol"
2025-04-02,"12:55:00",35,"3","Tanner Buol"
2025-04-02,"12:55:00",37,"6","Tanner Buol"
2025-04-02,"12:55:00",35,"4","Tanner Buol"
2025-04-02,"12:55:00",27,"3","Tanner Buol"
2025-04-02,"12:55:00",29,"4","Tanner Buol"
2025-04-02,"12:55:00",30,"3","Tanner Buol"
2025-04-02,"12:55:00",30,"3","Tanner Buol"
2025-04-02,"12:55:00",30,"4","Tanner Buol"
2025-04-02,"12:55:00",33,"4","Tanner Buol"
2025-04-02,"12:55:00",40,"4","Tanner Buol"
2025-04-02,"13:00:00",32,"6","Tanner Buol"
2025-04-02,"13:00:00",25,"4","Tanner Buol"
2025-04-02,"13:00:00",24,"4","Tanner Buol"
2025-04-02,"13:00:00",34,"10","Tanner Buol"
2025-04-02,"13:00:00",29,"3","Tanner Buol"
2025-04-02,"13:00:00",31,"4","Tanner Buol"
2025-04-02,"13:00:00",32,"3","Tanner Buol"
2025-04-07,"9:05:00",26,"3","Sasha Botsul"
2025-04-07,"9:05:00",35,"3","Sasha Botsul"
2025-04-07,"9:05:00",34,"3","Sasha Botsul"
2025-04-07,"9:05:00",34,"3","Sasha Botsul"
2025-04-07,"9:05:00",34,"3","Sasha Botsul"
2025-04-07,"9:05:00",27,"3","Sasha Botsul"
2025-04-07,"9:05:00",13,"10","Sasha Botsul"
2025-04-07,"9:05:00",18,"10","Sasha Botsul"
2025-04-07,"9:05:00",24,"4","Sasha Botsul"
2025-04-07,"9:10:00",34,"3","Sasha Botsul"
2025-04-07,"9:10:00",31,"3","Sasha Botsul"
2025-04-07,"9:10:00",27,"4","Sasha Botsul"
2025-04-07,"9:10:00",37,"4","Sasha Botsul"
2025-04-07,"9:10:00",33,"3","Sasha Botsul"
2025-04-07,"9:10:00",31,"3","Sasha Botsul"
2025-04-07,"9:10:00",32,"5","Sasha Botsul"
2025-04-07,"9:10:00",39,"3","Sasha Botsul"
2025-04-07,"9:10:00",35,"3","Sasha Botsul"
2025-04-07,"9:10:00",28,"3","Sasha Botsul"
2025-04-07,"9:15:00",35,"3","Sasha Botsul"
2025-04-07,"9:15:00",39,"4","Sasha Botsul"
2025-04-07,"9:15:00",33,"2","Sasha Botsul"
2025-04-07,"9:15:00",29,"8","Sasha Botsul"
2025-04-07,"9:15:00",29,"3","Sasha Botsul"
2025-04-07,"9:15:00",30,"4","Sasha Botsul"
2025-04-07,"9:15:00",29,"4","Sasha Botsul"
2025-04-07,"9:15:00",36,"10","Sasha Botsul"
2025-04-07,"9:15:00",35,"3","Sasha Botsul"
2025-04-07,"9:20:00",36,"3","Sasha Botsul"
2025-04-07,"9:20:00",35,"2","Sasha Botsul"
2025-04-07,"9:20:00",36,"3","Sasha Botsul"
2025-04-07,"9:20:00",33,"6","Sasha Botsul"
2025-04-07,"9:20:00",35,"3","Sasha Botsul"
2025-04-07,"9:20:00",35,"10","Sasha Botsul"
2025-04-07,"9:20:00",34,"4","Sasha Botsul"
2025-04-07,"9:25:00",32,"6","Sasha Botsul"
2025-04-07,"9:25:00",32,"10","Sasha Botsul"
2025-04-07,"9:25:00",26,"4","Sasha Botsul"
2025-04-07,"9:25:00",32,"4","Sasha Botsul"
2025-04-07,"9:25:00",30,"4","Sasha Botsul"
2025-04-07,"9:25:00",34,"4","Sasha Botsul"
2025-04-07,"9:25:00",36,"3","Sasha Botsul"
2025-04-07,"9:25:00",29,"10","Sasha Botsul"
2025-04-07,"9:30:00",30,"10","Sasha Botsul"
2025-04-07,"9:30:00",33,"3","Sasha Botsul"
2025-04-07,"9:30:00",30,"4","Sasha Botsul"
2025-04-07,"9:30:00",33,"4","Sasha Botsul"
2025-04-07,"9:30:00",30,"4","Sasha Botsul"
2025-04-07,"9:30:00",29,"2","Sasha Botsul"
2025-04-07,"9:30:00",28,"3","Sasha Botsul"
2025-04-07,"9:30:00",33,"3","Sasha Botsul"
2025-04-07,"9:30:00",37,"2","Sasha Botsul"
2025-04-07,"9:30:00",35,"3","Sasha Botsul"
2025-04-07,"9:30:00",38,"10","Sasha Botsul"
2025-04-07,"9:30:00",41,"10","Sasha Botsul"
2025-04-07,"9:30:00",34,"4","Sasha Botsul"
2025-04-07,"9:30:00",30,"4","Sasha Botsul"
2025-04-07,"9:30:00",30,"5","Sasha Botsul"
2025-04-07,"9:30:00",39,"4","Sasha Botsul"
2025-04-07,"9:30:00",28,"5","Sasha Botsul"
2025-04-07,"9:35:00",37,"4","Sasha Botsul"
2025-04-07,"9:35:00",30,"3","Sasha Botsul"
2025-04-07,"9:35:00",30,"3","Sasha Botsul"
2025-04-07,"9:35:00",37,"3","Sasha Botsul"
2025-04-07,"9:35:00",36,"3","Sasha Botsul"
2025-04-07,"9:35:00",33,"3","Sasha Botsul"
2025-04-07,"9:35:00",35,"10","Sasha Botsul"
2025-04-07,"9:35:00",32,"3","Sasha Botsul"
2025-04-07,"9:35:00",29,"4","Sasha Botsul"
2025-04-07,"9:35:00",30,"4","Sasha Botsul"
2025-04-07,"9:40:00",36,"4","Sasha Botsul"
2025-04-07,"9:40:00",32,"4","Sasha Botsul"
2025-04-07,"9:40:00",32,"10","Sasha Botsul"
2025-04-07,"9:40:00",33,"4","Sasha Botsul"
2025-04-07,"9:40:00",40,"4","Sasha Botsul"
2025-04-10,"17:50:00",30,"9","Logan Farley"
2025-04-10,"17:50:00",31,"4","Logan Farley"
2025-04-10,"17:50:00",31,"3","Logan Farley"
2025-04-10,"17:50:00",33,"9","Logan Farley"
2025-04-10,"17:50:00",27,"10","Logan Farley"
2025-04-10,"17:50:00",24,"3","Logan Farley"
2025-04-10,"17:50:00",26,"4","Logan Farley"
2025-04-10,"17:50:00",26,"4","Logan Farley"
2025-04-10,"17:50:00",26,"3","Logan Farley"
2025-04-10,"17:55:00",28,"3","Logan Farley"
2025-04-10,"17:55:00",29,"4","Logan Farley"
2025-04-10,"17:55:00",29,"4","Logan Farley"
2025-04-10,"17:55:00",28,"4","Logan Farley"
2025-04-10,"17:55:00",25,"3","Logan Farley"
2025-04-10,"17:55:00",30,"3","Logan Farley"
2025-04-10,"17:55:00",31,"10","Logan Farley"
2025-04-10,"17:55:00",33,"3","Logan Farley"
2025-04-10,"17:55:00",37,"8","Logan Farley"
2025-04-10,"17:55:00",28,"1","Logan Farley"
2025-04-10,"17:55:00",30,"1","Logan Farley"
2025-04-10,"17:55:00",37,"10","Logan Farley"
2025-04-10,"17:55:00",36,"4","Logan Farley"
2025-04-10,"18:00:00",28,"2","Logan Farley"
2025-04-10,"18:00:00",35,"4","Logan Farley"
2025-04-10,"18:00:00",29,"3","Logan Farley"
2025-04-10,"18:00:00",37,"4","Logan Farley"
2025-04-10,"18:00:00",31,"4","Logan Farley"
2025-04-10,"18:00:00",27,"6","Logan Farley"
2025-04-10,"18:00:00",31,"4","Logan Farley"
2025-04-10,"18:00:00",32,"3","Logan Farley"
2025-04-10,"18:00:00",29,"4","Logan Farley"
2025-04-10,"18:00:00",25,"3","Logan Farley"
2025-04-10,"18:00:00",25,"4","Logan Farley"
2025-04-10,"18:00:00",28,"4","Logan Farley"
2025-04-10,"18:00:00",35,"10","Logan Farley"
2025-04-10,"18:00:00",20,"4","Logan Farley"
2025-04-10,"18:05:00",28,"4","Logan Farley"
2025-04-10,"18:05:00",28,"3","Logan Farley"
2025-04-10,"18:05:00",31,"4","Logan Farley"
2025-04-10,"18:05:00",31,"3","Logan Farley"
2025-04-10,"18:05:00",27,"5","Logan Farley"
2025-04-10,"18:05:00",29,"4","Logan Farley"
2025-04-10,"18:05:00",29,"4","Logan Farley"
2025-04-10,"18:05:00",28,"4","Logan Farley"
2025-04-10,"18:05:00",28,"2","Logan Farley"
2025-04-10,"18:05:00",26,"3","Logan Farley"
2025-04-10,"18:05:00",29,"4","Logan Farley"
2025-04-10,"18:05:00",29,"4","Logan Farley"
2025-04-10,"18:05:00",22,"2","Logan Farley"
2025-04-10,"18:05:00",27,"2","Logan Farley"
2025-04-10,"18:05:00",28,"4","Logan Farley"
2025-04-10,"18:05:00",27,"3","Logan Farley"
2025-04-10,"18:10:00",33,"3","Logan Farley"
2025-04-10,"18:10:00",33,"2","Logan Farley"
2025-04-10,"18:10:00",29,"4","Logan Farley"
2025-04-10,"18:10:00",28,"6","Logan Farley"
2025-04-10,"18:10:00",25,"3","Logan Farley"
2025-04-10,"18:10:00",26,"4","Logan Farley"
2025-04-10,"18:10:00",33,"4","Logan Farley"
2025-04-10,"18:10:00",29,"4","Logan Farley"
2025-04-10,"18:10:00",26,"4","Logan Farley"
2025-04-10,"18:10:00",22,"3","Logan Farley"
2025-04-10,"18:10:00",31,"4","Logan Farley"
2025-04-10,"18:15:00",30,"4","Logan Farley"
2025-04-10,"18:15:00",31,"4","Logan Farley"
2025-04-10,"18:15:00",31,"10","Logan Farley"
2025-04-10,"18:15:00",34,"2","Logan Farley"
2025-04-10,"18:15:00",15,"4","Logan Farley"
2025-04-10,"18:15:00",30,"10","Logan Farley"
2025-04-10,"18:15:00",35,"3","Logan Farley"
2025-04-10,"18:15:00",30,"4","Logan Farley"
2025-04-10,"18:15:00",35,"3","Logan Farley"
2025-04-10,"18:15:00",26,"3","Logan Farley"
2025-04-10,"18:15:00",30,"3","Logan Farley"
2025-04-10,"18:20:00",27,"3","Logan Farley"
2025-04-07,NA,16,"nissan","Minh Nguyen"
2025-04-07,NA,28,"ford","Minh Nguyen"
2025-04-07,NA,29,"chevrolet","Minh Nguyen"
2025-04-07,NA,25,"volkswagen","Minh Nguyen"
2025-04-07,NA,21,"ford","Minh Nguyen"
2025-04-07,NA,16,"jeep","Minh Nguyen"
2025-04-07,NA,20,"bmw","Minh Nguyen"
2025-04-07,NA,27,"audi","Minh Nguyen"
2025-04-07,NA,18,"ford","Minh Nguyen"
2025-04-07,NA,20,"toyota","Minh Nguyen"
2025-04-07,NA,20,"fiat","Minh Nguyen"
2025-04-07,NA,21,"mazda","Minh Nguyen"
2025-04-07,NA,28,"subaru","Minh Nguyen"
2025-04-07,NA,21,"ford","Minh Nguyen"
2025-04-07,NA,29,"jeep","Minh Nguyen"
2025-04-07,NA,25,"jeep","Minh Nguyen"
2025-04-07,NA,28,"chevrolet","Minh Nguyen"
2025-04-07,NA,23,"nissan","Minh Nguyen"
2025-04-07,NA,23,"nissan","Minh Nguyen"
2025-04-07,NA,22,"ford","Minh Nguyen"
2025-04-07,NA,20,"jeep","Minh Nguyen"
2025-04-07,NA,24,"toyota","Minh Nguyen"
2025-04-07,NA,15,"toyota","Minh Nguyen"
2025-04-07,NA,31,"gmc","Minh Nguyen"
2025-04-07,NA,19,"subaru","Minh Nguyen"
2025-04-10,NA,26,"honda","Minh Nguyen"
2025-04-10,NA,18,"mazda","Minh Nguyen"
2025-04-10,NA,23,"chevrolet","Minh Nguyen"
2025-04-10,NA,17,"jeep","Minh Nguyen"
2025-04-10,NA,22,"toyota","Minh Nguyen"
2025-04-10,NA,19,"ford","Minh Nguyen"
2025-04-10,NA,16,"kia","Minh Nguyen"
2025-04-10,NA,27,"hyundai","Minh Nguyen"
2025-04-10,NA,29,"subaru","Minh Nguyen"
2025-04-10,NA,21,"nissan","Minh Nguyen"
2025-04-10,NA,20,"jeep","Minh Nguyen"
2025-04-10,NA,30,"gmc","Minh Nguyen"
2025-04-10,NA,24,"bmw","Minh Nguyen"
2025-04-10,NA,18,"toyota","Minh Nguyen"
2025-04-10,NA,20,"chevrolet","Minh Nguyen"
2025-04-10,NA,22,"volkswagen","Minh Nguyen"
2025-04-10,NA,16,"audi","Minh Nguyen"
2025-04-10,NA,25,"ford","Minh Nguyen"
2025-04-10,NA,29,"nissan","Minh Nguyen"
2025-04-10,NA,19,"mazda","Minh Nguyen"
2025-04-10,NA,20,"kia","Minh Nguyen"
2025-04-10,NA,28,"honda","Minh Nguyen"
2025-04-10,NA,17,"subaru","Minh Nguyen"
2025-04-10,NA,26,"jeep","Minh Nguyen"
2025-04-10,NA,21,"toyota","Minh Nguyen"
2025-04-10,NA,15,"bmw","Minh Nguyen"
2025-04-10,NA,24,"hyundai","Minh Nguyen"
2025-04-10,NA,25,"nissan","Minh Nguyen"
2025-04-10,NA,19,"ford","Minh Nguyen"
2025-04-10,NA,23,"chevrolet","Minh Nguyen"
2025-04-10,NA,20,"honda","Minh Nguyen"
2025-04-10,NA,21,"volkswagen","Minh Nguyen"
2025-04-10,NA,22,"toyota","Minh Nguyen"
2025-04-10,NA,18,"jeep","Minh Nguyen"
2025-04-10,NA,30,"gmc","Minh Nguyen"
2025-04-10,NA,27,"subaru","Minh Nguyen"
2025-04-10,NA,16,"kia","Minh Nguyen"
2025-04-10,NA,28,"ford","Minh Nguyen"
2025-04-10,NA,24,"nissan","Minh Nguyen"
2025-04-10,NA,20,"bmw","Minh Nguyen"
2025-04-10,NA,22,"chevrolet","Minh Nguyen"
2025-04-10,NA,21,"hyundai","Minh Nguyen"
2025-04-10,NA,19,"toyota","Minh Nguyen"
2025-04-10,NA,26,"audi","Minh Nguyen"
2025-04-10,NA,20,"mazda","Minh Nguyen"
2025-04-10,NA,23,"honda","Minh Nguyen"
2025-04-10,NA,18,"kia","Minh Nguyen"
2025-04-10,NA,27,"jeep","Minh Nguyen"
2025-04-10,NA,25,"volkswagen","Minh Nguyen"
2025-04-10,NA,20,"toyota","Minh Nguyen"
2025-04-07,NA,10,"ford","Zoey Do"
2025-04-07,NA,20,"ford","Zoey Do"
2025-04-07,NA,14,"ford","Zoey Do"
2025-04-07,NA,28,"ford","Zoey Do"
2025-04-07,NA,25,"ford","Zoey Do"
2025-04-07,NA,16,"kia","Zoey Do"
2025-04-07,NA,25,"ford","Zoey Do"
2025-04-07,NA,31,"gmc","Zoey Do"
2025-04-07,NA,31,"chevrolet","Zoey Do"
2025-04-07,NA,16,"chevrolet","Zoey Do"
2025-04-07,NA,25,"jeep","Zoey Do"
2025-04-07,NA,12,"tesla","Zoey Do"
2025-04-07,NA,12,"honda","Zoey Do"
2025-04-07,NA,30,"mazda","Zoey Do"
2025-04-07,NA,30,"chevrolet","Zoey Do"
2025-04-07,NA,29,"chevrolet","Zoey Do"
2025-04-07,NA,34,"honda","Zoey Do"
2025-04-07,NA,25,"ford","Zoey Do"
2025-04-07,NA,25,"chevrolet","Zoey Do"
2025-04-07,NA,33,"chevrolet","Zoey Do"
2025-04-07,NA,31,"chevrolet","Zoey Do"
2025-04-07,NA,29,"chevrolet","Zoey Do"
2025-04-07,NA,33,"chevrolet","Zoey Do"
2025-04-07,NA,19,"chevrolet","Zoey Do"
2025-04-07,NA,32,"gmc","Zoey Do"
2025-04-14,NA,19,"kia","Zoey Do"
2025-04-14,NA,26,"chevrolet","Zoey Do"
2025-04-14,NA,14,"mazda","Zoey Do"
2025-04-14,NA,22,"honda","Zoey Do"
2025-04-14,NA,17,"tesla","Zoey Do"
2025-04-14,NA,29,"gmc","Zoey Do"
2025-04-14,NA,33,"jeep","Zoey Do"
2025-04-14,NA,12,"kia","Zoey Do"
2025-04-14,NA,27,"ford","Zoey Do"
2025-04-14,NA,25,"ford","Zoey Do"
2025-04-14,NA,18,"honda","Zoey Do"
2025-04-14,NA,31,"mazda","Zoey Do"
2025-04-14,NA,24,"chevrolet","Zoey Do"
2025-04-14,NA,16,"ford","Zoey Do"
2025-04-14,NA,22,"gmc","Zoey Do"
2025-04-14,NA,13,"jeep","Zoey Do"
2025-04-14,NA,30,"tesla","Zoey Do"
2025-04-14,NA,21,"kia","Zoey Do"
2025-04-14,NA,25,"ford","Zoey Do"
2025-04-14,NA,19,"honda","Zoey Do"
2025-04-14,NA,27,"mazda","Zoey Do"
2025-04-14,NA,23,"jeep","Zoey Do"
2025-04-14,NA,31,"gmc","Zoey Do"
2025-04-14,NA,28,"kia","Zoey Do"
2025-04-14,NA,20,"chevrolet","Zoey Do"
2025-04-14,NA,16,"ford","Zoey Do"
2025-04-14,NA,35,"ford","Zoey Do"
2025-04-14,NA,18,"tesla","Zoey Do"
2025-04-14,NA,22,"honda","Zoey Do"
2025-04-14,NA,24,"chevrolet","Zoey Do"
2025-04-14,NA,29,"kia","Zoey Do"
2025-04-14,NA,13,"mazda","Zoey Do"
2025-04-14,NA,21,"ford","Zoey Do"
2025-04-14,NA,34,"jeep","Zoey Do"
2025-04-14,NA,32,"tesla","Zoey Do"
2025-04-14,NA,15,"gmc","Zoey Do"
2025-04-14,NA,17,"ford","Zoey Do"
2025-04-14,NA,26,"chevrolet","Zoey Do"
2025-04-14,NA,18,"honda","Zoey Do"
2025-04-14,NA,30,"kia","Zoey Do"
2025-04-14,NA,14,"mazda","Zoey Do"
2025-04-14,NA,33,"ford","Zoey Do"
2025-04-14,NA,19,"gmc","Zoey Do"
2025-04-14,NA,22,"jeep","Zoey Do"
2025-04-14,NA,16,"chevrolet","Zoey Do"
2025-04-14,NA,24,"honda","Zoey Do"
2025-04-14,NA,27,"kia","Zoey Do"
2025-04-14,NA,28,"ford","Zoey Do"
2025-04-14,NA,31,"tesla","Zoey Do"
2025-04-14,NA,20,"mazda","Zoey Do"
2025-04-03,NA,30,"nissan","Nicholas Camacho"
2025-04-03,NA,24,"ford","Nicholas Camacho"
2025-04-03,NA,33,"chevrolet","Nicholas Camacho"
2025-04-03,NA,31,"ram","Nicholas Camacho"
2025-04-03,NA,27,"volkswagen","Nicholas Camacho"
2025-04-03,NA,24,"ram","Nicholas Camacho"
2025-04-03,NA,21,"honda","Nicholas Camacho"
2025-04-03,NA,35,"tesla","Nicholas Camacho"
2025-04-03,NA,17,"toyota","Nicholas Camacho"
2025-04-03,NA,20,"nissan","Nicholas Camacho"
2025-04-03,NA,31,"jeep","Nicholas Camacho"
2025-04-03,NA,35,"ford","Nicholas Camacho"
2025-04-03,NA,21,"pontiac","Nicholas Camacho"
2025-04-03,NA,31,"ford","Nicholas Camacho"
2025-04-03,NA,24,"jeep","Nicholas Camacho"
2025-04-03,NA,11,"chevrolet","Nicholas Camacho"
2025-04-03,NA,21,"dodge","Nicholas Camacho"
2025-04-03,NA,27,"kia","Nicholas Camacho"
2025-04-03,NA,31,"chevrolet","Nicholas Camacho"
2025-04-03,NA,27,"gmc","Nicholas Camacho"
2025-04-03,NA,27,"ford","Nicholas Camacho"
2025-04-03,NA,26,"dodge","Nicholas Camacho"
2025-04-03,NA,37,"chevrolet","Nicholas Camacho"
2025-04-03,NA,26,"ford","Nicholas Camacho"
2025-04-03,NA,27,"honda","Nicholas Camacho"
2025-04-03,NA,30,"honda","Nicholas Camacho"
2025-04-03,NA,32,"honda","Nicholas Camacho"
2025-04-03,NA,34,"ford","Nicholas Camacho"
2025-04-03,NA,29,"ford","Nicholas Camacho"
2025-04-03,NA,32,"hyundai","Nicholas Camacho"
2025-04-03,NA,34,"toyota","Nicholas Camacho"
2025-04-03,NA,19,"chevrolet","Nicholas Camacho"
2025-04-03,NA,31,"toyota","Nicholas Camacho"
2025-04-03,NA,13,"jeep","Nicholas Camacho"
2025-04-03,NA,29,"honda","Nicholas Camacho"
2025-04-03,NA,31,"nissan","Nicholas Camacho"
2025-04-03,NA,28,"ford","Nicholas Camacho"
2025-04-03,NA,23,"honda","Nicholas Camacho"
2025-04-03,NA,38,"kia","Nicholas Camacho"
2025-04-03,NA,34,"jeep","Nicholas Camacho"
2025-04-03,NA,33,"ford","Nicholas Camacho"
2025-04-03,NA,27,"ford","Nicholas Camacho"
2025-04-03,NA,34,"ford","Nicholas Camacho"
2025-04-03,NA,29,"nissan","Nicholas Camacho"
2025-04-03,NA,29,"gmc","Nicholas Camacho"
2025-04-03,NA,27,"acura","Nicholas Camacho"
2025-04-03,NA,19,"toyota","Nicholas Camacho"
2025-04-03,NA,26,"honda","Nicholas Camacho"
2025-04-03,NA,22,"ford","Nicholas Camacho"
2025-04-03,NA,29,"nissan","Nicholas Camacho"
2025-04-03,NA,29,"acura","Nicholas Camacho"
2025-04-03,NA,27,"prius","Nicholas Camacho"
2025-04-03,NA,33,"kia","Nicholas Camacho"
2025-04-03,NA,33,"ford","Nicholas Camacho"
2025-04-03,NA,25,"volkswagen","Nicholas Camacho"
2025-04-03,NA,22,"chevrolet","Nicholas Camacho"
2025-04-03,NA,26,"volkswagen","Nicholas Camacho"
2025-04-03,NA,33,"hyundai","Nicholas Camacho"
2025-04-03,NA,32,"lexus","Nicholas Camacho"
2025-04-03,NA,30,"chevrolet","Nicholas Camacho"
2025-04-03,NA,26,"ford","Nicholas Camacho"
2025-04-03,NA,32,"volkswagen","Nicholas Camacho"
2025-04-03,NA,36,"hyundai","Nicholas Camacho"
2025-04-03,NA,29,"kia","Nicholas Camacho"
2025-04-03,NA,30,"ford","Nicholas Camacho"
2025-04-03,NA,27,"volkswagen","Nicholas Camacho"
2025-04-03,NA,35,"kia","Nicholas Camacho"
2025-04-03,NA,26,"chevrolet","Nicholas Camacho"
2025-04-03,NA,34,"chevrolet","Nicholas Camacho"
2025-04-03,NA,27,"toyota","Nicholas Camacho"
2025-04-03,NA,27,"nissan","Nicholas Camacho"
2025-04-03,NA,28,"ford","Nicholas Camacho"
2025-04-03,NA,33,"honda","Nicholas Camacho"
2025-04-03,NA,28,"honda","Nicholas Camacho"
2025-04-03,NA,32,"gmc","Nicholas Camacho"
2025-04-05,"11:01:12",27,"Brown","Nisrine"
2025-04-05,"11:01:51",29,"Black","Nisrine"
2025-04-05,"11:01:55",36,"Silver","Nisrine"
2025-04-05,"11:02:10",32,"Black","Nisrine"
2025-04-05,"11:03:19",26,"Black","Nisrine"
2025-04-05,"11:03:45",24,"Gray","Nisrine"
2025-04-05,"11:04:17",27,"Blue","Nisrine"
2025-04-05,"11:04:42",37,"Gray","Nisrine"
2025-04-05,"11:04:49",39,"White","Nisrine"
2025-04-05,"11:05:18",33,"Black","Nisrine"
2025-04-05,"11:05:58",26,"Black","Nisrine"
2025-04-05,"11:07:12",31,"Black","Nisrine"
2025-04-05,"11:07:12",32,"Gray","Nisrine"
2025-04-05,"11:07:57",37,"Red","Nisrine"
2025-04-05,"11:08:59",17,"Gray","Nisrine"
2025-04-05,"11:09:05",23,"Black","Nisrine"
2025-04-05,"11:09:37",21,"Red","Nisrine"
2025-04-05,"11:09:55",35,"Silver","Nisrine"
2025-04-05,"11:10:09",26,"Yellow","Nisrine"
2025-04-05,"11:10:14",30,"White","Nisrine"
2025-04-05,"11:10:44",30,"Blue","Nisrine"
2025-04-05,"11:10:48",35,"White","Nisrine"
2025-04-05,"11:11:17",23,"Red","Nisrine"
2025-04-05,"11:11:54",33,"Blue","Nisrine"
2025-04-05,"11:12:10",35,"Gray","Nisrine"
2025-04-05,"11:12:21",32,"Yellow","Nisrine"
2025-04-05,"11:12:25",23,"Gray","Nisrine"
2025-04-05,"11:13:29",27,"Blue","Nisrine"
2025-04-05,"11:13:41",25,"Silver","Nisrine"
2025-04-05,"11:14:02",27,"Brown","Nisrine"
2025-04-05,"11:14:16",25,"Blue","Nisrine"
2025-04-05,"11:14:38",34,"Blue","Nisrine"
2025-04-05,"11:15:07",34,"Yellow","Nisrine"
2025-04-05,"11:17:13",34,"Gray","Nisrine"
2025-04-05,"11:17:13",41,"Blue","Nisrine"
2025-04-05,"11:19:00",31,"Gray","Nisrine"
2025-04-05,"11:19:11",35,"Black","Nisrine"
2025-04-05,"11:20:00",22,"White","Nisrine"
2025-04-05,"11:20:05",26,"Blue","Nisrine"
2025-04-05,"11:20:53",23,"Yellow","Nisrine"
2025-04-05,"11:22:39",31,"Black","Nisrine"
2025-04-05,"11:23:02",33,"Blue","Nisrine"
2025-04-05,"11:23:54",28,"Gray","Nisrine"
2025-04-05,"11:25:12",34,"White","Nisrine"
2025-04-05,"11:25:31",21,"Red","Nisrine"
2025-04-05,"11:25:33",29,"Yellow","Nisrine"
2025-04-05,"11:25:54",32,"Blue","Nisrine"
2025-04-05,"11:25:59",26,"Silver","Nisrine"
2025-04-05,"11:26:18",34,"Black","Nisrine"
2025-04-05,"11:26:33",32,"Red","Nisrine"
2025-04-05,"11:26:39",42,"Silver","Nisrine"
2025-04-05,"11:27:21",24,"Black","Nisrine"
2025-04-05,"11:28:04",32,"Blue","Nisrine"
2025-04-05,"11:29:21",21,"Black","Nisrine"
2025-04-05,"11:29:34",32,"Red","Nisrine"
2025-04-05,"11:30:05",38,"Blue","Nisrine"
2025-04-05,"11:30:18",26,"Black","Nisrine"
2025-04-05,"11:30:50",21,"Yellow","Nisrine"
2025-04-05,"11:31:05",30,"Gray","Nisrine"
2025-04-05,"11:31:22",33,"Gray","Nisrine"
2025-04-05,"11:31:49",27,"White","Nisrine"
2025-04-05,"11:31:50",31,"Blue","Nisrine"
2025-04-05,"11:32:12",29,"Brown","Nisrine"
2025-04-05,"11:33:21",28,"Red","Nisrine"
2025-04-05,"11:33:26",32,"Blue","Nisrine"
2025-04-05,"11:33:28",26,"Black","Nisrine"
2025-04-05,"11:33:42",38,"Gray","Nisrine"
2025-04-05,"11:33:50",27,"White","Nisrine"
2025-04-05,"11:34:05",39,"Silver","Nisrine"
2025-04-05,"11:34:43",31,"Red","Nisrine"
2025-04-05,"11:36:50",30,"Red","Nisrine"
2025-04-05,"11:37:26",29,"Red","Nisrine"
2025-04-05,"11:38:54",24,"White","Nisrine"
2025-04-05,"11:38:55",29,"Gray","Nisrine"
2025-04-05,"11:39:02",27,"Silver","Nisrine"
2025-04-06,"14:25:50",28,"Black","Reda"
2025-04-06,"14:27:47",29,"White","Reda"
2025-04-06,"14:29:37",40,"Silver","Reda"
2025-04-06,"14:30:23",25,"Gray","Reda"
2025-04-06,"14:32:59",34,"White","Reda"
2025-04-06,"14:33:00",37,"Red","Reda"
2025-04-06,"14:34:16",26,"Gray","Reda"
2025-04-06,"14:34:57",28,"Black","Reda"
2025-04-06,"14:35:26",33,"Gray","Reda"
2025-04-06,"14:36:46",31,"Blue","Reda"
2025-04-06,"14:37:00",25,"Yellow","Reda"
2025-04-06,"14:37:28",25,"White","Reda"
2025-04-06,"14:38:49",34,"Blue","Reda"
2025-04-06,"14:40:57",30,"Blue","Reda"
2025-04-06,"14:41:09",22,"Black","Reda"
2025-04-06,"14:41:15",31,"Black","Reda"
2025-04-06,"14:41:27",32,"Silver","Reda"
2025-04-06,"14:42:43",38,"Black","Reda"
2025-04-06,"14:44:54",41,"Blue","Reda"
2025-04-06,"14:46:01",28,"White","Reda"
2025-04-06,"14:46:08",30,"Blue","Reda"
2025-04-06,"14:46:52",32,"White","Reda"
2025-04-06,"14:47:07",34,"Black","Reda"
2025-04-06,"14:47:38",21,"Silver","Reda"
2025-04-06,"14:48:05",24,"Black","Reda"
2025-04-06,"14:48:16",33,"Black","Reda"
2025-04-06,"14:48:49",28,"Blue","Reda"
2025-04-06,"14:49:10",28,"Blue","Reda"
2025-04-06,"14:51:28",39,"Black","Reda"
2025-04-06,"14:52:20",25,"Black","Reda"
2025-04-06,"14:52:24",36,"Blue","Reda"
2025-04-06,"14:52:41",28,"White","Reda"
2025-04-06,"14:52:41",29,"Black","Reda"
2025-04-06,"14:54:12",27,"Blue","Reda"
2025-04-06,"14:55:29",24,"Blue","Reda"
2025-04-06,"14:55:40",31,"Black","Reda"
2025-04-06,"14:56:02",33,"White","Reda"
2025-04-06,"14:57:17",36,"Blue","Reda"
2025-04-06,"14:57:19",27,"Black","Reda"
2025-04-06,"14:58:09",31,"Black","Reda"
2025-04-06,"14:58:31",29,"Blue","Reda"
2025-04-06,"14:58:32",31,"White","Reda"
2025-04-06,"15:00:13",31,"Gray","Reda"
2025-04-06,"15:01:33",30,"Blue","Reda"
2025-04-06,"15:02:01",32,"Gray","Reda"
2025-04-06,"15:02:23",25,"Gray","Reda"
2025-04-06,"15:03:18",31,"White","Reda"
2025-04-06,"15:03:21",29,"Black","Reda"
2025-04-06,"15:03:35",33,"White","Reda"
2025-04-06,"15:03:54",29,"Red","Reda"
2025-04-06,"15:06:17",33,"Black","Reda"
2025-04-06,"15:06:28",30,"Black","Reda"
2025-04-06,"15:06:37",34,"Gray","Reda"
2025-04-06,"15:06:41",29,"Blue","Reda"
2025-04-06,"15:07:35",30,"Black","Reda"
2025-04-06,"15:07:39",25,"Blue","Reda"
2025-04-06,"15:08:42",21,"Black","Reda"
2025-04-06,"15:09:06",24,"Silver","Reda"
2025-04-06,"15:12:12",27,"White","Reda"
2025-04-06,"15:12:50",38,"Black","Reda"
2025-04-06,"15:14:48",26,"Gray","Reda"
2025-04-06,"15:16:40",36,"Gray","Reda"
2025-04-06,"15:17:44",23,"Brown","Reda"
2025-04-06,"15:18:57",31,"Gray","Reda"
2025-04-06,"15:19:10",23,"Gray","Reda"
2025-04-06,"15:19:21",28,"Red","Reda"
2025-04-06,"15:19:54",31,"Black","Reda"
2025-04-06,"15:20:04",34,"Red","Reda"
2025-04-06,"15:20:46",25,"Blue","Reda"
2025-04-06,"15:23:31",30,"Black","Reda"
2025-04-06,"15:24:56",28,"White","Reda"
2025-04-06,"15:24:56",20,"Black","Reda"
2025-04-06,"15:25:06",31,"Silver","Reda"
2025-04-06,"15:27:02",25,"Gray","Reda"
2025-04-06,"15:28:51",25,"Silver","Reda"
2025-04-07,"13:00:25",32,"White","Zain"
2025-04-07,"13:01:00",32,"Gray","Zain"
2025-04-07,"13:01:41",37,"Gray","Zain"
2025-04-07,"13:02:30",35,"Silver","Zain"
2025-04-07,"13:03:18",24,"Silver","Zain"
2025-04-07,"13:03:25",31,"Yellow","Zain"
2025-04-07,"13:04:15",31,"White","Zain"
2025-04-07,"13:05:03",25,"Gray","Zain"
2025-04-07,"13:05:27",28,"White","Zain"
2025-04-07,"13:05:31",32,"White","Zain"
2025-04-07,"13:06:15",31,"Gray","Zain"
2025-04-07,"13:06:35",32,"Silver","Zain"
2025-04-07,"13:07:09",28,"Gray","Zain"
2025-04-07,"13:07:23",33,"White","Zain"
2025-04-07,"13:08:09",26,"White","Zain"
2025-04-07,"13:08:48",29,"Black","Zain"
2025-04-07,"13:09:13",22,"Black","Zain"
2025-04-07,"13:10:36",27,"Blue","Zain"
2025-04-07,"13:10:42",27,"White","Zain"
2025-04-07,"13:11:40",34,"Black","Zain"
2025-04-07,"13:12:35",20,"Blue","Zain"
2025-04-07,"13:13:01",28,"Silver","Zain"
2025-04-07,"13:14:27",25,"Gray","Zain"
2025-04-07,"13:14:45",33,"Red","Zain"
2025-04-07,"13:15:06",14,"Black","Zain"
2025-04-07,"13:15:43",26,"White","Zain"
2025-04-07,"13:15:45",31,"Red","Zain"
2025-04-07,"13:16:26",22,"Gray","Zain"
2025-04-07,"13:16:40",32,"Black","Zain"
2025-04-07,"13:16:44",30,"Black","Zain"
2025-04-07,"13:16:49",37,"Black","Zain"
2025-04-07,"13:18:18",32,"Silver","Zain"
2025-04-07,"13:18:56",28,"Gray","Zain"
2025-04-07,"13:19:18",30,"Brown","Zain"
2025-04-07,"13:19:31",32,"Black","Zain"
2025-04-07,"13:20:00",35,"Silver","Zain"
2025-04-07,"13:21:25",15,"Gray","Zain"
2025-04-07,"13:21:46",35,"Red","Zain"
2025-04-07,"13:22:59",30,"White","Zain"
2025-04-07,"13:23:27",30,"Gray","Zain"
2025-04-07,"13:24:32",30,"White","Zain"
2025-04-07,"13:24:34",27,"Blue","Zain"
2025-04-07,"13:25:40",26,"Red","Zain"
2025-04-07,"13:25:47",28,"Blue","Zain"
2025-04-07,"13:28:02",30,"Gray","Zain"
2025-04-07,"13:28:21",26,"Blue","Zain"
2025-04-07,"13:29:03",33,"Blue","Zain"
2025-04-07,"13:29:58",22,"Yellow","Zain"
2025-04-07,"13:30:45",30,"White","Zain"
2025-04-07,"13:30:53",37,"Gray","Zain"
2025-04-07,"13:31:10",27,"Black","Zain"
2025-04-07,"13:31:52",29,"Silver","Zain"
2025-04-07,"13:32:14",30,"Black","Zain"
2025-04-07,"13:32:28",30,"Blue","Zain"
2025-04-07,"13:32:37",37,"Blue","Zain"
2025-04-07,"13:33:42",20,"Silver","Zain"
2025-04-07,"13:34:20",31,"Red","Zain"
2025-04-07,"13:35:13",25,"Brown","Zain"
2025-04-07,"13:35:16",35,"Silver","Zain"
2025-04-07,"13:35:39",38,"Black","Zain"
2025-04-07,"13:35:55",32,"Red","Zain"
2025-04-07,"13:36:40",24,"Black","Zain"
2025-04-07,"13:37:20",30,"Blue","Zain"
2025-04-07,"13:38:02",22,"Gray","Zain"
2025-04-07,"13:41:28",40,"White","Zain"
2025-04-07,"13:41:44",27,"Black","Zain"
2025-04-07,"13:41:59",27,"Red","Zain"
2025-04-07,"13:41:59",30,"Black","Zain"
2025-04-07,"13:43:50",30,"Red","Zain"
2025-04-07,"13:44:40",32,"Silver","Zain"
2025-04-07,"13:45:24",26,"Black","Zain"
2025-04-07,"13:46:17",26,"Gray","Zain"
2025-04-07,"13:46:58",29,"Black","Zain"
2025-04-07,"13:47:49",24,"Blue","Zain"
2025-04-07,"13:49:20",26,"Black","Zain"
NA,NA,30,"Sedan","Basil"
NA,NA,32,"SUV","Basil"
NA,NA,35,"Sedan","Basil"
NA,NA,31,"SUV","Basil"
NA,NA,32,"SUV","Basil"
NA,NA,31,"Truck","Basil"
NA,NA,31,"SUV","Basil"
NA,NA,28,"SUV","Basil"
NA,NA,28,"SUV","Basil"
NA,NA,28,"SUV","Basil"
NA,NA,29,"Sedan","Basil"
NA,NA,30,"SUV","Basil"
NA,NA,31,"Sedan","Basil"
NA,NA,28,"Sedan","Basil"
NA,NA,36,"Truck","Basil"
NA,NA,31,"SUV","Basil"
NA,NA,29,"Sedan","Basil"
NA,NA,34,"SUV","Basil"
NA,NA,34,"Truck","Basil"
NA,NA,27,"Sedan","Basil"
NA,NA,30,"SUV","Basil"
NA,NA,32,"Sedan","Basil"
NA,NA,34,"SUV","Basil"
NA,NA,28,"SUV","Basil"
NA,NA,22,"Truck","Basil"
NA,NA,24,"Sedan","Basil"
NA,NA,27,"Sedan","Basil"
NA,NA,36,"SUV","Basil"
NA,NA,32,"Sedan","Basil"
NA,NA,30,"SUV","Basil"
NA,NA,30,"SUV","Basil"
NA,NA,25,"SUV","Basil"
NA,NA,30,"Sedan","Basil"
NA,NA,36,"Sedan","Basil"
NA,NA,34,"Sedan","Basil"
NA,NA,34,"Sedan","Basil"
NA,NA,35,"SUV","Basil"
NA,NA,35,"Sedan","Basil"
NA,NA,30,"Sedan","Basil"
NA,NA,29,"Sedan","Basil"
NA,NA,31,"Sedan","Basil"
NA,NA,31,"Sedan","Basil"
NA,NA,31,"SUV","Basil"
NA,NA,31,"SUV","Basil"
NA,NA,32,"SUV","Basil"
NA,NA,28,"Sedan","Basil"
NA,NA,36,"SUV","Basil"
NA,NA,33,"Sedan","Basil"
NA,NA,30,"SUV","Basil"
NA,NA,36,"SUV","Basil"
NA,NA,35,"Sedan","Basil"
NA,NA,36,"Sedan","Basil"
NA,NA,29,"Sedan","Basil"
NA,NA,30,"SUV","Basil"
NA,NA,31,"Sedan","Basil"
NA,NA,35,"Sedan","Basil"
NA,NA,32,"SUV","Basil"
NA,NA,29,"SUV","Basil"
NA,NA,33,"SUV","Basil"
NA,NA,28,"Sedan","Basil"
NA,NA,27,"SUV","Basil"
NA,NA,29,"Sedan","Basil"
NA,NA,26,"SUV","Basil"
NA,NA,26,"Sedan","Basil"
NA,NA,33,"Truck","Basil"
NA,NA,21,"Sedan","Basil"
NA,NA,32,"SUV","Basil"
NA,NA,31,"Sedan","Basil"
NA,NA,32,"SUV","Basil"
NA,NA,31,"SUV","Basil"
NA,NA,32,"Sedan","Basil"
NA,NA,35,"SUV","Basil"
NA,NA,33,"Truck","Basil"
NA,NA,31,"Sedan","Basil"
NA,NA,36,"Truck","Rohaan"
NA,NA,27,"SUV","Rohaan"
NA,NA,28,"Sedan","Rohaan"
NA,NA,29,"Sedan","Rohaan"
NA,NA,30,"Sedan","Rohaan"
NA,NA,35,"Truck","Rohaan"
NA,NA,31,"SUV","Rohaan"
NA,NA,31,"SUV","Rohaan"
NA,NA,32,"Sedan","Rohaan"
NA,NA,32,"Sedan","Rohaan"
NA,NA,28,"SUV","Rohaan"
NA,NA,29,"Sedan","Rohaan"
NA,NA,30,"SUV","Rohaan"
NA,NA,33,"Truck","Rohaan"
NA,NA,32,"Sedan","Rohaan"
NA,NA,30,"Sedan","Rohaan"
NA,NA,30,"Sedan","Rohaan"
NA,NA,29,"Sedan","Rohaan"
NA,NA,31,"Sedan","Rohaan"
NA,NA,31,"SUV","Rohaan"
NA,NA,27,"SUV","Rohaan"
NA,NA,30,"Truck","Rohaan"
NA,NA,29,"Sedan","Rohaan"
NA,NA,30,"Sedan","Rohaan"
NA,NA,29,"SUV","Rohaan"
NA,NA,34,"Sedan","Rohaan"
NA,NA,26,"SUV","Rohaan"
NA,NA,32,"SUV","Rohaan"
NA,NA,31,"SUV","Rohaan"
NA,NA,31,"Sedan","Rohaan"
NA,NA,29,"Sedan","Rohaan"
NA,NA,28,"Sedan","Rohaan"
NA,NA,29,"SUV","Rohaan"
NA,NA,27,"SUV","Rohaan"
NA,NA,36,"Sedan","Rohaan"
NA,NA,28,"SUV","Rohaan"
NA,NA,29,"Sedan","Rohaan"
NA,NA,31,"Sedan","Rohaan"
NA,NA,32,"SUV","Rohaan"
NA,NA,32,"Truck","Rohaan"
NA,NA,37,"SUV","Rohaan"
NA,NA,34,"Sedan","Rohaan"
NA,NA,28,"SUV","Rohaan"
NA,NA,29,"Sedan","Rohaan"
NA,NA,31,"Sedan","Rohaan"
NA,NA,30,"Sedan","Rohaan"
NA,NA,27,"Sedan","Rohaan"
NA,NA,29,"Truck","Rohaan"
NA,NA,33,"SUV","Rohaan"
NA,NA,31,"Sedan","Rohaan"
NA,NA,28,"SUV","Rohaan"
NA,NA,29,"SUV","Rohaan"
NA,NA,31,"Sedan","Rohaan"
NA,NA,30,"Sedan","Rohaan"
NA,NA,34,"SUV","Rohaan"
NA,NA,36,"Sedan","Rohaan"
NA,NA,30,"Truck","Rohaan"
NA,NA,31,"SUV","Rohaan"
NA,NA,27,"Sedan","Rohaan"
NA,NA,25,"SUV","Rohaan"
NA,NA,29,"Sedan","Rohaan"
NA,NA,30,"SUV","Rohaan"
NA,NA,31,"Sedan","Rohaan"
NA,NA,30,"SUV","Rohaan"
NA,NA,28,"Sedan","Rohaan"
NA,NA,29,"Sedan","Rohaan"
NA,NA,28,"Sedan","Rohaan"
NA,NA,30,"SUV","Rohaan"
NA,NA,31,"Truck","Rohaan"
NA,NA,29,"SUV","Rohaan"
NA,NA,28,"Sedan","Rohaan"
NA,NA,33,"Sedan","Rohaan"
NA,NA,30,"SUV","Rohaan"
NA,NA,29,"SUV","Rohaan"
NA,NA,27,"Sedan","Rohaan"
NA,NA,30,"SUV","Rohaan"
